compiler,backend,trial,size_bytes,samples,bytes_per_sample,median_MiB_s,min_MiB_s,max_MiB_s
gcc,before,1,64,5,16777216,102.420,99.573,105.017
gcc,before,1,4096,5,16777216,102.500,89.632,104.606
gcc,before,1,65536,5,16777216,98.228,97.177,104.453
gcc,before,1,1048576,5,16777216,99.788,99.649,102.258
gcc,portable,1,64,5,16777216,503.860,474.293,521.391
gcc,portable,1,4096,5,16777216,424.355,396.872,428.266
gcc,portable,1,65536,5,16777216,425.541,410.566,432.998
gcc,portable,1,1048576,5,16777216,410.078,401.408,422.868
gcc,auto,1,64,5,16777216,7272.314,7122.269,7556.009
gcc,auto,1,4096,5,16777216,9012.485,8803.984,9053.860
gcc,auto,1,65536,5,16777216,8361.628,7976.263,9135.293
gcc,auto,1,1048576,5,16777216,9020.930,8197.729,9198.886
gcc,portable,2,64,5,16777216,519.171,494.101,529.847
gcc,portable,2,4096,5,16777216,421.573,368.584,424.545
gcc,portable,2,65536,5,16777216,409.296,376.026,425.925
gcc,portable,2,1048576,5,16777216,420.952,408.342,424.613
gcc,auto,2,64,5,16777216,7927.896,7830.900,7939.674
gcc,auto,2,4096,5,16777216,9299.390,9255.649,9441.182
gcc,auto,2,65536,5,16777216,9242.048,8921.940,9267.513
gcc,auto,2,1048576,5,16777216,9142.930,8165.965,9232.273
gcc,before,2,64,5,16777216,103.282,100.662,104.164
gcc,before,2,4096,5,16777216,102.412,100.804,103.497
gcc,before,2,65536,5,16777216,102.287,100.435,102.395
gcc,before,2,1048576,5,16777216,103.115,100.620,103.513
gcc,auto,3,64,5,16777216,7764.638,7152.436,8200.460
gcc,auto,3,4096,5,16777216,9329.484,8811.223,9471.300
gcc,auto,3,65536,5,16777216,8427.040,7264.347,8739.024
gcc,auto,3,1048576,5,16777216,8842.730,8294.126,9168.639
gcc,before,3,64,5,16777216,99.729,98.584,100.530
gcc,before,3,4096,5,16777216,100.681,94.025,102.624
gcc,before,3,65536,5,16777216,97.556,91.626,103.189
gcc,before,3,1048576,5,16777216,97.196,93.237,101.368
gcc,portable,3,64,5,16777216,509.836,508.997,521.802
gcc,portable,3,4096,5,16777216,394.768,364.829,426.652
gcc,portable,3,65536,5,16777216,412.110,377.255,418.937
gcc,portable,3,1048576,5,16777216,386.506,318.525,419.383
gcc,before,4,64,5,16777216,101.652,100.370,102.764
gcc,before,4,4096,5,16777216,100.221,99.850,101.550
gcc,before,4,65536,5,16777216,100.498,98.907,101.071
gcc,before,4,1048576,5,16777216,100.992,100.182,101.718
gcc,portable,4,64,5,16777216,489.109,457.540,515.814
gcc,portable,4,4096,5,16777216,417.188,401.790,417.784
gcc,portable,4,65536,5,16777216,417.924,299.993,419.283
gcc,portable,4,1048576,5,16777216,412.624,387.889,424.744
gcc,auto,4,64,5,16777216,7331.855,7252.374,7516.900
gcc,auto,4,4096,5,16777216,9065.931,7767.771,9391.396
gcc,auto,4,65536,5,16777216,8949.332,8661.135,9331.008
gcc,auto,4,1048576,5,16777216,9239.908,9164.800,9251.143
gcc,portable,5,64,5,16777216,503.371,481.219,523.072
gcc,portable,5,4096,5,16777216,418.198,404.599,420.130
gcc,portable,5,65536,5,16777216,420.248,379.858,428.262
gcc,portable,5,1048576,5,16777216,417.303,388.179,418.706
gcc,auto,5,64,5,16777216,7699.893,3652.944,8174.697
gcc,auto,5,4096,5,16777216,8731.766,8484.008,9387.369
gcc,auto,5,65536,5,16777216,8576.697,8003.918,8803.984
gcc,auto,5,1048576,5,16777216,8586.234,7859.600,9285.611
gcc,before,5,64,5,16777216,99.940,97.207,104.950
gcc,before,5,4096,5,16777216,97.847,96.271,102.538
gcc,before,5,65536,5,16777216,97.855,96.215,100.181
gcc,before,5,1048576,5,16777216,99.650,97.369,100.852
clang,before,1,64,5,16777216,214.044,208.866,215.196
clang,before,1,4096,5,16777216,212.781,207.515,213.400
clang,before,1,65536,5,16777216,212.917,209.125,215.081
clang,before,1,1048576,5,16777216,212.554,205.164,214.815
clang,portable,1,64,5,16777216,511.176,492.469,530.097
clang,portable,1,4096,5,16777216,420.621,403.754,426.156
clang,portable,1,65536,5,16777216,421.370,404.857,431.279
clang,portable,1,1048576,5,16777216,425.453,416.688,430.508
clang,auto,1,64,5,16777216,9516.146,8343.545,9647.452
clang,auto,1,4096,5,16777216,8810.495,8334.019,9063.051
clang,auto,1,65536,5,16777216,9190.791,8774.205,9337.008
clang,auto,1,1048576,5,16777216,9177.490,8188.524,9227.742
clang,portable,2,64,5,16777216,505.628,472.252,529.858
clang,portable,2,4096,5,16777216,420.221,412.201,426.484
clang,portable,2,65536,5,16777216,418.740,391.700,427.323
clang,portable,2,1048576,5,16777216,404.128,346.493,426.794
clang,auto,2,64,5,16777216,9263.698,8198.191,10455.774
clang,auto,2,4096,5,16777216,8794.978,7857.550,9512.689
clang,auto,2,65536,5,16777216,8619.914,8138.799,8923.686
clang,auto,2,1048576,5,16777216,8882.607,8382.335,9297.990
clang,before,2,64,5,16777216,213.438,208.064,214.965
clang,before,2,4096,5,16777216,206.039,204.785,211.584
clang,before,2,65536,5,16777216,209.311,202.061,213.675
clang,before,2,1048576,5,16777216,211.209,206.650,216.063
clang,auto,3,64,5,16777216,9133.729,8495.333,9655.032
clang,auto,3,4096,5,16777216,9260.208,8439.059,9513.254
clang,auto,3,65536,5,16777216,8211.550,7675.624,9024.609
clang,auto,3,1048576,5,16777216,9050.112,8263.579,9247.614
clang,before,3,64,5,16777216,211.804,203.360,211.969
clang,before,3,4096,5,16777216,209.488,201.499,211.920
clang,before,3,65536,5,16777216,212.591,208.976,213.247
clang,before,3,1048576,5,16777216,208.117,193.610,213.606
clang,portable,3,64,5,16777216,490.927,459.984,514.106
clang,portable,3,4096,5,16777216,406.141,384.476,416.076
clang,portable,3,65536,5,16777216,402.014,381.163,410.883
clang,portable,3,1048576,5,16777216,394.585,391.265,414.028
clang,before,4,64,5,16777216,211.472,207.644,214.689
clang,before,4,4096,5,16777216,208.381,199.465,211.606
clang,before,4,65536,5,16777216,206.126,205.025,210.968
clang,before,4,1048576,5,16777216,208.156,202.521,209.169
clang,portable,4,64,5,16777216,532.087,502.899,536.164
clang,portable,4,4096,5,16777216,430.082,414.732,433.375
clang,portable,4,65536,5,16777216,420.876,407.152,427.925
clang,portable,4,1048576,5,16777216,417.556,401.560,424.165
clang,auto,4,64,5,16777216,9467.926,8825.634,9735.996
clang,auto,4,4096,5,16777216,7967.826,5864.544,7998.508
clang,auto,4,65536,5,16777216,7472.285,6853.402,8586.095
clang,auto,4,1048576,5,16777216,8624.900,6215.166,8889.323
clang,portable,5,64,5,16777216,520.713,493.028,527.745
clang,portable,5,4096,5,16777216,410.590,395.085,422.003
clang,portable,5,65536,5,16777216,417.792,412.894,427.388
clang,portable,5,1048576,5,16777216,414.447,400.513,418.183
clang,auto,5,64,5,16777216,9407.437,8535.682,9716.928
clang,auto,5,4096,5,16777216,9532.673,8675.294,9596.399
clang,auto,5,65536,5,16777216,9047.553,8447.359,9236.707
clang,auto,5,1048576,5,16777216,8767.945,8054.278,9299.768
clang,before,5,64,5,16777216,201.070,175.165,209.179
clang,before,5,4096,5,16777216,201.995,193.764,206.599
clang,before,5,65536,5,16777216,203.798,195.793,209.792
clang,before,5,1048576,5,16777216,207.552,194.328,208.586
